mileage,car_value_dollars
138672,18113.11
28129,27103.13
24411,34191.01
23326,31105.86
53910,28708.8
38082,30440.56
37247,26960.5
110800,16371.88
46214,26440.27
129381,18839.88
17211,28201
97717,24705.85
98892,19655.66
81675,20323.66
63903,29382.91
86688,22950.3
131887,13059.24
138665,19343.24
12518,32900.97
43314,27933.28
30643,30910.07
83818,20891.42
126865,15464.14
100571,20651.55
29655,30465.19
124443,21692.79
130361,18378.46
102290,22360.22
124584,15754.33
78732,26436.13
56968,28850.59
99695,17199.04
98225,17548.18
82258,19891.94
129890,15392.94
41620,27857.91
74734,25963.56
45427,25454.94
68165,26225.01
130494,19615.68
15543,32399.9
34428,27768.54
77694,27365.76
123300,16312.13
74789,22367.66
28228,26862.63
57161,25853.3
32838,25760.75
12673,30838.38
121060,21960.45
