advertising_dollars,weekly_sales_dollars
602.3,15156.33
1479.3,17726.51
1015.6,20518.29
1721.8,22034.66
1909,21293.35
1554.2,23685.65
1208.3,16528.31
2306.9,23637.31
139,18431.9
1599.8,17981.55
2313.3,23590.32
2325.5,23100.86
2121,24500.18
926,22591.34
1935.3,22625.88
694.5,20468.91
1555.3,17775.7
982.5,17219.65
627.2,14893.47
1051.7,19154.47
418,14106.54
1639.3,24443.03
2068.5,26900.3
1716,24666.47
559,17261.77
1691.8,20452.54
1892.1,26481.79
1745.1,25337.92
103.9,13229.89
1087.7,20256.65
225.8,13549.57
1650.1,24429.42
784.4,20421.95
1215.5,24013.03
2079.1,26751.25
2304.9,21079.39
1212.1,17994.22
784.8,17047.09
1974.6,21850.2
1418.6,18344.77
2096.2,22247.89
628.4,16790.21
1510.1,21244.98
2318.8,22755.4
103.4,19708.65
1629.7,18625.17
1736.9,21133.89
1976,23504.91
2293.8,24763.95
1158.8,18060.11
