meal_price_dollars,daily_meals_sold
14.1,154.65
21.9,183.47
18.1,223.99
23.8,232.83
18.6,154.46
16.6,144.73
16.4,231.14
27.5,194.04
27.8,98.59
23.9,134.5
14.7,263.23
19.2,179.18
18.6,142.79
12.2,176.81
28,157.46
31.2,146.58
25.6,131.37
13.4,194.43
18.9,148.84
28.7,130.76
27.2,137.1
26.8,152.46
26.5,107.35
18.5,235.04
18,243.78
27.9,129.12
27.2,158.27
20.8,213.86
31.4,105.35
26.4,139.78
17.9,147.37
17.9,223.31
20.5,133.05
15,256.11
30.9,189.05
16,149.87
25.2,138.2
24.2,160.52
13.7,192.88
24.8,156.3
22.1,240.82
16.7,232.34
27.9,103.89
16.4,215.89
15,158.22
20.3,180.38
28.7,207.58
25.6,164.92
23.1,132.22
18.5,209.93
