distance_miles,commute_minutes
28.6,29.9
19.3,59.14
18.6,55.03
11.6,15.24
12.7,53.47
11.7,45.66
28.4,48.21
19,42.34
16.5,62.29
29.8,61.05
6.1,17.89
6,33.54
29,75.26
20.4,62.68
18.2,32.38
21.9,54.55
20.4,31.37
10.3,20.54
10.4,54.16
7.9,20.52
7.7,30.07
7.4,13.79
4.7,20.41
20.1,56.21
13.6,49.23
27.9,65.01
5,30.8
23.4,66.03
21.3,68.8
21.2,30.82
19.8,32.55
22,48.03
25.1,69.16
8.1,48.21
16.9,43.15
8.5,37
6.6,18.98
16.9,56.53
17.3,58.6
5.4,19.86
8.3,12.13
4.1,35.51
27.5,51.17
18.5,32.87
6.1,29.05
22.4,17.88
27.2,68.63
29.6,35.11
3.4,16.26
21.9,22.06
