square_feet,monthly_rent_dollars
1025,3062.89
703,2544.41
647,3169.39
518,2795.72
770,2544.38
605,1984.2
522,2988
729,3562.16
528,2335.56
849,2844.39
1230,3391.99
1028,3679.63
1400,3634
802,2658.59
1354,3950.89
1084,3540.96
510,2057.49
595,2722.25
1025,3242.91
822,2513
849,2655.46
524,2430.41
542,2583.51
953,2994.04
678,2822.95
1347,4671.39
1054,3128.39
681,2471.91
1247,4546.92
1143,3848.5
557,2427.38
848,3165.72
425,2777.76
1339,4065.78
959,3823.21
1066,3196.31
900,3482.24
1038,4134.77
1196,3976.47
1071,2951.92
1359,3948.8
538,2232.75
667,2689.1
1229,4013.39
762,3148.15
1368,4236.69
1207,4053.16
755,2679.75
864,3440.26
1161,4326.06
