square_feet,monthly_kwh
2426,1207.74
1407,587.66
843,540.93
779,480.05
2683,1078.29
1707,1027.04
1781,854.25
1956,1137.28
2213,1087.51
1296,502.01
942,361.65
1356,606.72
874,744.15
2493,1046.4
914,683.43
1533,776.82
717,717.65
1847,815.09
1673,730.63
2082,1032.39
1043,421.28
720,226.74
917,740.63
2110,1183.23
1810,1117.65
1748,1050.15
1120,716.11
1166,465.47
2590,1366.63
2240,813.95
2108,938.93
1244,465.14
1066,503.63
2177,1241.2
1936,826.6
806,644.69
2692,1004.1
1140,836.63
1480,630.97
1717,993.13
1473,885.79
1410,682.21
1433,760.65
1646,758.58
1167,748.38
1441,737.63
2276,836.17
2159,948.06
2562,1171.14
728,643.27
