distance_miles,delivery_minutes
14.2,44.06
16.1,53.12
16,43.13
14,37.01
15.5,43.08
18.8,61.78
1.2,18.29
23.4,62.7
7.8,27.89
6.6,27.52
8.3,28
8.7,30.72
4.1,20.93
16.6,54.18
9,22.8
12.6,39.45
6.8,27.55
2.1,18.02
15.1,48.6
22.1,54.03
6.3,31.64
22.2,64.74
3,19.08
6,17.14
5.3,18.62
15.8,38.13
19.8,53.78
2.7,21.39
15.7,46.82
23,59.35
8.2,26.64
9.3,39.45
10.2,40.17
18.2,60.43
12.9,42.74
22.8,54.09
16.9,56.1
12.7,34.75
7.2,22.16
14.9,36.98
18.3,55.34
9.6,35.04
16.4,54
4.4,24.42
24.9,64.77
18.5,58.25
14.6,45.16
24.6,71.53
8.4,27.49
22.7,56.84
