temperature_f,hot_coffee_cups
56.2,188.88
62.6,220.02
84,163.87
83.7,141.73
45.9,304.84
77.6,204.18
76.5,213.26
53.5,207.76
42.4,266.19
50,294.39
63.1,178
76.4,248.51
63.5,177.15
81.5,151.58
51.4,297.3
39.3,315.64
70.6,259.23
78.2,228.71
61.8,177.62
81.6,168.62
60.4,228.34
48.3,228.14
53.6,193.23
35.4,272.6
39.2,291.16
56.7,219.84
45.1,278.02
39.7,296.19
35.1,311.26
82.8,226.05
38.2,240.36
80,188.05
83.6,167.27
57,192.58
43.4,286.57
51.5,286.08
44.4,243.77
43.4,211.45
63.7,248.27
60.7,278.89
38.2,292.22
76.8,233.6
58.6,247.15
45.8,279.11
61.6,228.52
59.9,256.18
62.1,202.69
53.3,214.8
35.1,233.96
45.6,218.17
